country_code,country,year,agri_value_added_current_usd,agri_value_added_pct_gdp,agricultural_land_pct,agricultural_raw_material_exports_pct_merchandise,agricultural_raw_material_imports_pct_merchandise,employment_in_agriculture_pct,food_production_index
BRA,Brazil,1960,0.0,0.0,,,,,
BRA,Brazil,1961,0.0,0.0,18.7791781425054,,,,14.03
BRA,Brazil,1962,0.0,0.0,19.2226978729717,16.4018768364289,2.9220209566234,,14.48
BRA,Brazil,1963,0.0,0.0,19.6662176034381,15.1954920508818,2.94916518659047,,14.48
BRA,Brazil,1964,0.0,0.0,20.1097373339044,17.442019405573,2.21736097095993,,14.47
BRA,Brazil,1965,0.0,0.0,20.5532570643708,15.2320973427685,1.74188678925063,,17.08
BRA,Brazil,1966,0.0,0.0,20.9967767948371,15.5877168867304,1.95075941556342,,15.74
BRA,Brazil,1967,0.0,0.0,21.4402965253035,13.6340236836012,1.98541557705091,,17.0
BRA,Brazil,1968,0.0,0.0,21.8838162557698,14.917196313413,2.3563975081138,,17.26
BRA,Brazil,1969,0.0,0.0,22.3273359862362,16.4857077847392,1.92223497642042,,17.93
BRA,Brazil,1970,0.0,0.0,22.7715735797677,11.8950975141887,1.8510437796502,,18.32
BRA,Brazil,1971,0.0,0.0,23.191044897549,10.4940233647961,2.17832030708848,,19.32
BRA,Brazil,1972,0.0,0.0,23.6105162153302,9.32242462742152,1.97195859587212,,20.44
BRA,Brazil,1973,0.0,0.0,24.0299875331114,8.5211430369836,2.07325979751297,,19.86
BRA,Brazil,1974,0.0,0.0,24.4494588508927,5.99114855256352,2.01487682115968,,21.48
BRA,Brazil,1975,0.0,0.0,24.8690498125181,3.89162215895199,1.49743307164554,,22.25
BRA,Brazil,1976,0.0,0.0,25.4578171698488,2.27323163344916,1.41814579248755,,23.3
BRA,Brazil,1977,0.0,0.0,26.0465845271795,2.35351491708881,1.45869997777635,,24.64
BRA,Brazil,1978,0.0,0.0,26.6353518845102,2.91890688967911,1.4477752761469,,24.42
BRA,Brazil,1979,0.0,0.0,27.2241192418409,3.4422753218592,1.35186868910462,,25.84
BRA,Brazil,1980,0.0,0.0,27.819252608834,3.95608439584318,1.33536028990203,,28.65
BRA,Brazil,1981,29544803216.8382,11.4508006149716,28.0461681666017,3.58477294847258,1.11600912989042,,30.11
BRA,Brazil,1982,15326680532.2037,5.6490539026237,28.2731086102889,3.19927445427054,0.925132415100368,,30.17
BRA,Brazil,1983,19072049434.7521,10.0561007922548,28.5000490539761,4.03160822700824,1.13245343363114,,30.74
BRA,Brazil,1984,22332096135.2074,11.8573320632089,28.7269894976634,3.08360431023633,1.56798369538917,,32.39
BRA,Brazil,1985,23503326311.9943,11.1453640115501,28.9536555980158,2.6102764748546,1.71105136724258,,35.05
BRA,Brazil,1986,26580748796.1438,10.3636386654384,28.7838203236605,2.81219473737456,2.43269079706286,,33.88
BRA,Brazil,1987,26498422995.2422,9.36152021128553,28.6139499936589,3.5248107689953,2.27293894673415,,37.67
BRA,Brazil,1988,30163921217.6184,9.79723660427779,28.4440796636572,,,,38.38
BRA,Brazil,1989,34862980954.2524,8.44158737716968,28.2742093336556,3.51446908256553,3.42806095063936,,40.27
BRA,Brazil,1990,27207931712.3012,6.96343671917276,28.1043390036539,3.44270988313864,2.57003740902681,,38.46
BRA,Brazil,1991,23439231558.7396,6.84138937730153,27.9344686736523,3.39255936854862,2.62313998735589,16.1012149923694,40.32
BRA,Brazil,1992,22336751196.2862,6.80608488408303,27.7645983436506,3.29247806721442,2.71682701358806,16.4236355246455,42.55
BRA,Brazil,1993,24963490171.4875,6.77810923883982,27.594728013649,3.05817370184453,4.31898481067769,16.2170470565781,42.98
BRA,Brazil,1994,45822702615.4552,8.72198937517673,27.4248576836473,3.39018113763296,3.25090817949909,15.9111613415484,46.25
BRA,Brazil,1995,38556420521.6652,5.01166646465693,27.2554659290225,5.19034135536225,2.7154854438422,15.7064322851078,48.91
BRA,Brazil,1996,40551829349.9816,4.76841120833167,27.2678729956665,3.71630592370061,3.00288193277142,14.7062823288017,48.83
BRA,Brazil,1997,41378637645.5403,4.68504702548169,27.2802800623105,3.57896263209828,2.56766327450195,14.5539304301415,50.75
BRA,Brazil,1998,41026659683.101,4.75004478756631,27.2926871289545,3.76396341541303,2.10345679893423,13.8935523130269,51.64
BRA,Brazil,1999,27859260100.027,4.64598153820665,27.3050941955985,4.55053273021404,2.02275590026406,14.3766741005344,55.27
BRA,Brazil,2000,31136803821.0568,4.7504599720911,27.3175012622426,4.82008611837607,1.96870875648152,14.2078357408572,56.86
BRA,Brazil,2001,26885058532.6992,4.80104301895508,27.3299083288866,4.16349583634388,1.35187448266584,14.1381346536881,59.51
BRA,Brazil,2002,27912692470.5143,5.47527489476281,27.3423153955306,3.98176970858418,1.49577865541106,14.2200104185234,63.61
BRA,Brazil,2003,34427303082.0226,6.16718438742418,27.3547224621746,4.5479000446234,1.74992448176169,14.3769496030055,68.05
BRA,Brazil,2004,37917325438.3347,5.66531157678895,27.3671295288186,4.04678888352579,1.75482338353976,14.8280199077045,70.89
BRA,Brazil,2005,41471394556.3071,4.65116882266178,27.3795365954626,3.89791573445954,1.53839392286824,14.3285033979698,71.33
BRA,Brazil,2006,48403772185.2665,4.37004377895807,27.3925777744809,3.76357098694428,1.523372651686,13.3626279719814,75.18
BRA,Brazil,2007,61709354845.0493,4.41691543617235,27.4788170573836,3.84290609180394,1.3918003164712,12.4684533242586,79.93
BRA,Brazil,2008,77464150541.2691,4.56785118104723,27.5650563402862,3.60860912317476,1.21482878978292,11.6716010643413,85.18
BRA,Brazil,2009,74627656551.0919,4.47677399214453,27.6512956231889,3.82336475114474,1.15804191327834,11.2787023091694,84.14
BRA,Brazil,2010,90910397725.5778,4.11575648647055,27.7375349060916,3.88293980296731,1.30077469214003,10.5153618588412,89.08
BRA,Brazil,2011,113594412707.158,4.34203412828906,27.8237741889942,3.56590712250251,1.45624651102594,9.91359783747564,92.3
BRA,Brazil,2012,102758806758.56,4.16832822424109,27.9100134718969,3.84206963375796,1.09987775750507,9.84814738146128,91.55
BRA,Brazil,2013,111447154125.351,4.50688618165956,27.9962527547995,3.67959207647066,1.0235292769287,10.026069695524,97.65
BRA,Brazil,2014,106238887980.389,4.32561053877362,28.0824920377022,4.09910468945304,1.001939079543,9.30650434255853,98.98
BRA,Brazil,2015,77840229289.5179,4.31914942931221,28.168707391836,4.80922466213136,1.05647426970271,9.33239155729419,101.68
BRA,Brazil,2016,87833706981.7442,4.89135358721066,28.2549706035075,4.95909700079956,1.25031640027636,9.79792938880965,99.34
BRA,Brazil,2017,94933885402.5297,4.6005916952048,28.3411141713348,4.73548584012086,1.20802138114272,9.19143068916888,106.98
BRA,Brazil,2018,84736124291.8167,4.4203993034602,28.338218790305,5.42597556309189,1.08102408006015,9.05694322318805,107.51
BRA,Brazil,2019,78772031121.1664,4.2050140951087,28.3353473380441,5.76162951682392,1.03615646115777,8.87727798547265,109.12
BRA,Brazil,2020,84307648275.0384,5.7114851151592,28.3324758857832,5.66289566704727,1.05566991798218,9.31407456340287,111.97
BRA,Brazil,2021,109573801252.521,6.55876261207381,28.3296044335223,4.78121835605649,1.04685586370637,9.4956089681342,112.13
BRA,Brazil,2022,112576717246.95,5.76747490842218,28.3267329812614,4.71781466641353,0.920762602473935,8.73144037065037,113.77
BRA,Brazil,2023,131973192343.777,6.02306023514157,28.3267329812614,4.1679968006038,0.796975113612751,8.20281833943009,
BRA,Brazil,2024,125734503064.3,5.7522764094249,,5.64764245426311,0.78333011913232,7.71565234574918,
BRA,Brazil,2025,,,,,,7.62782592703127,
DNK,Denmark,1961,,,79.0,,,,64.96
DNK,Denmark,1962,,,78.525,5.31978371599283,5.91122960079704,,66.68
DNK,Denmark,1963,,,77.2,5.19962657247501,6.24384084517535,,65.72
DNK,Denmark,1964,,,76.7,5.68134570125848,6.4167215760039,,67.94
DNK,Denmark,1965,,,75.825,5.83638499022241,6.34813662381921,,67.67
DNK,Denmark,1966,798142817.013683,6.68924060876016,75.675,6.13277468808274,6.08921266996612,,68.13
DNK,Denmark,1967,751541209.504913,5.75493896903453,75.575,5.45302694638448,5.43290537669886,,69.01
DNK,Denmark,1968,729874800.0,5.4042485924281,75.425,6.22065919724834,5.18473533537357,,69.19
DNK,Denmark,1969,866552933.333333,5.62152711614051,74.775,5.75582218337091,4.97995087445181,,66.2
DNK,Denmark,1970,786211200.0,4.60433455007898,74.375,5.33387284645261,4.90188260220476,,65.36
DNK,Denmark,1971,869905471.09597,4.55777369450511,73.775,5.07771196913069,4.27267767594378,,66.78
DNK,Denmark,1972,1111862633.64655,4.78618460399117,73.9,5.43835612285524,4.70451815407053,,66.56
DNK,Denmark,1973,1621422927.51467,5.27838191236212,74.65,5.41131304700645,5.04796772739641,,67.45
DNK,Denmark,1974,1761432016.93219,5.16159777738465,73.3,4.80862886564461,4.50582522564752,,71.83
DNK,Denmark,1975,1786657965.264,4.42034536865508,73.425,4.10802434633564,3.63139574270913,,69.21
DNK,Denmark,1976,1915465177.83292,4.30406721575534,73.325,4.71447462143279,3.99679337532064,,68.63
DNK,Denmark,1977,2321732409.38166,4.67039341155922,73.175,5.01064441007375,4.01204883226688,,74.4
DNK,Denmark,1978,2842504624.08878,4.71236806999629,73.025,5.05574218744519,4.2467830127581,,76.13
DNK,Denmark,1979,2795918646.64512,3.97186855390761,73.0,5.83561372588577,4.55238944401216,,78.93
DNK,Denmark,1980,2898076970.8476,4.09267654952705,72.625,5.30346289700084,4.55167723350348,,78.36
DNK,Denmark,1981,2679007356.03785,4.35894875975102,72.425,5.32989074218867,4.25063829598649,,79.45
DNK,Denmark,1982,2810700998.51183,4.67793580143557,72.175,5.63577297518495,4.11971647526719,,83.1
DNK,Denmark,1983,2444755166.75779,4.05222646088553,71.15,5.09047008997861,4.38922864849769,,80.98
DNK,Denmark,1984,2750392696.44478,4.67206470866529,71.375,4.39759229108418,3.62877701428222,,89.83
DNK,Denmark,1985,2643793930.01397,4.23329294080071,70.85,4.45851988815682,3.43427383284549,,88.15
DNK,Denmark,1986,3415085650.72303,3.89189336921901,70.475,4.55888220173702,3.58263614543132,,90.18
DNK,Denmark,1987,3776453225.73571,3.45881482250819,69.95,5.33137480789715,3.63938749723329,,85.53
DNK,Denmark,1988,3653735274.45592,3.16230679885588,69.675,4.70220375719801,3.84723341661736,,87.22
DNK,Denmark,1989,3935683428.63396,3.50423498246977,69.35,4.17122058299748,3.67249701503951,,89.65
DNK,Denmark,1990,4534564683.45021,3.2807399838791,69.7,3.40456275067747,3.32587225468771,,94.06
DNK,Denmark,1991,4198515125.45924,3.01659707418614,69.25,3.45775542267914,2.99151018825266,5.38434503802665,93.4
DNK,Denmark,1992,4237910571.39544,2.770482903403,68.9,3.22296152814362,3.05836724618167,5.25915931943525,89.1
DNK,Denmark,1993,3816330295.03848,2.6666867919779,68.475,2.86277387122317,2.78124607227115,5.13950545209483,95.44
DNK,Denmark,1994,4027212998.7737,2.58125029411355,67.275,2.86195731371162,3.11387920199927,5.04538871319401,92.16
DNK,Denmark,1995,5232780237.04127,2.83084838376944,68.15,2.87870071781318,2.9643354601873,4.39445799664583,95.1
DNK,Denmark,1996,5185420007.93281,2.76583528047113,67.9,3.07484773457889,2.59968921573976,3.87716993557363,94.8
DNK,Denmark,1997,4527808615.33803,2.613583999477,67.2,3.06496604390068,3.06847695964161,3.73692426835774,96.31
DNK,Denmark,1998,3755357867.71729,2.12314558817745,66.8,2.85291403746139,2.94339891034021,3.70658605966477,98.19
DNK,Denmark,1999,3416224305.49583,1.92043851886527,66.1,2.60833696133215,2.82310215973624,3.32164990590762,96.68
DNK,Denmark,2000,3526171270.92328,2.14953012591578,66.175,2.5186014418165,2.66666981217774,3.66821348678374,97.17
DNK,Denmark,2001,3808458331.3308,2.30981410923114,66.9,2.57696593520953,2.63478302252057,3.54826800012734,97.93
DNK,Denmark,2002,3137456774.79828,1.7548454579579,66.625,2.86224166602118,2.56027785812558,3.21288926190921,97.49
DNK,Denmark,2003,3466352141.11147,1.58700357166721,66.45,2.83072597430714,2.75316585351389,3.29494568791028,98.58
DNK,Denmark,2004,4023773764.41722,1.5968233470381,66.15,2.75362478792148,2.48051574585596,3.2717198990934,100.01
DNK,Denmark,2005,2997691140.42255,1.13056388790591,67.675,2.55127699565409,2.26096803903112,3.18251977898505,98.74
DNK,Denmark,2006,3249897087.50925,1.14680871658905,67.75,2.75172046164873,2.3181323361855,3.08832093540903,95.49
DNK,Denmark,2007,3747722504.91394,1.17038366975969,66.575,2.37875348766998,2.33291870708797,2.96379163926027,97.19
DNK,Denmark,2008,2987801337.75328,0.841682850350501,66.7,2.32529962351918,1.95283288231979,2.70582880740602,98.0
DNK,Denmark,2009,2603362122.03175,0.806945931238911,65.85,2.48492988164665,2.12785551760035,2.75932452416022,98.1
DNK,Denmark,2010,3830881878.35333,1.1884393485634,65.65,2.92730057246415,2.39202377355436,2.54372614601216,97.02
DNK,Denmark,2011,4367051357.99719,1.26832807403315,67.25,2.9679385823103,2.47855802251492,2.39446252667832,98.67
DNK,Denmark,2012,5286138509.21007,1.61758219917433,65.6,3.26339108506659,2.2953770520759,2.63717334519399,98.74
DNK,Denmark,2013,4330772642.10027,1.25664041508446,65.7,3.5749925003437,2.55520444365623,2.59360042485299,97.3
DNK,Denmark,2014,4775332414.74337,1.35342720224903,66.315775,2.72974701232135,2.71314522772612,2.48018116652912,99.93
DNK,Denmark,2015,2740930792.05839,0.908318060929302,65.847475,3.12423362990795,2.8264532546104,2.49157664462381,101.24
DNK,Denmark,2016,2899538164.56725,0.92879780499665,65.6275,2.82729787789895,2.61659602218169,2.33416183454597,98.83
DNK,Denmark,2017,4177822820.20124,1.25985806734514,65.7825,2.94634017170368,2.58535596957961,2.11062002904543,102.11
DNK,Denmark,2018,3542434429.64957,0.99704488734783,65.8125,2.71951439456103,2.61338230006531,2.19166349414525,92.87
DNK,Denmark,2019,4287217763.41859,1.24122741169144,65.649125,2.53853534727499,2.47789426856976,2.2229608691021,100.59
DNK,Denmark,2020,4756636352.81684,1.33752008668451,65.499675,2.31294433180555,2.42448995316374,2.10275058939704,102.64
DNK,Denmark,2021,4390177596.2688,1.08103120928969,65.45,2.20609772225647,2.44976477508479,2.03932108222848,102.97
DNK,Denmark,2022,4010287024.84266,1.00228533729664,65.6,1.88153992248454,2.11379349777854,2.11706685887241,103.83
DNK,Denmark,2023,4199760967.83867,1.03787056976317,65.525,1.72926846756407,2.11060826102444,2.02027441199317,
DNK,Denmark,2024,3938410354.45536,0.927722262099888,,1.66351091175877,1.93735651100353,1.66649581675606,
DNK,Denmark,2025,,,,,,1.62047541964826,
FRA,France,1960,6287916837.91637,10.1484983970751,,,,,
FRA,France,1961,5854913394.25391,8.71811104626433,64.0857222376844,,,,68.97
FRA,France,1962,7086827456.73882,9.42435111401664,63.9020317283607,4.76689200370096,13.2352393562855,,78.65
FRA,France,1963,7126553762.2482,8.46106644330133,63.7424621950088,4.75351756850895,12.7898483809741,,74.34
FRA,France,1964,7148210577.62622,7.65134955635797,63.2878745709249,4.650737689392,11.6020510502562,,74.13
FRA,France,1965,7524348272.93411,7.45518882827474,63.08748492439,4.24304539303342,10.2901036191366,,78.54
FRA,France,1966,7931576120.37978,7.2562559484233,62.7998886724186,4.05154924909926,10.1597948529756,,75.21
FRA,France,1967,8536771175.88223,7.22912170874241,62.3972539196586,3.64464915095561,8.51459646533978,,80.13
FRA,France,1968,9008836605.56395,6.99929805727027,61.5604415994063,3.51810346209041,7.71877288591162,,82.76
FRA,France,1969,8955984750.43179,6.36707415175108,61.5511643009556,3.48741027797177,7.54096267716037,,78.01
FRA,France,1970,9315341915.67261,6.32350889683139,60.2931626310418,3.05445227861685,6.80607710753747,,83.36
FRA,France,1971,9540546939.74192,5.79288542322588,60.5306614713795,2.86993281698408,6.10179040593235,,83.14
FRA,France,1972,13048504551.3654,6.4680166974781,60.3302718248446,3.11790121539078,5.99143838586389,,82.05
FRA,France,1973,16914702416.0283,6.45671939248342,60.228221541887,3.5142518993859,6.55201632025956,,90.06
FRA,France,1974,14506001091.1075,5.13052303762004,60.1948232674645,3.09649503522532,5.56582641102509,,89.9
FRA,France,1975,16275508643.1085,4.55482828580346,60.0371091938028,2.50163148540014,4.40327125305417,,84.74
FRA,France,1976,15860147500.6829,4.30557383613474,59.4136747379163,2.81883941039015,4.79255913053774,,84.97
FRA,France,1977,16582909868.9489,4.08042323446105,59.207718712311,2.76654546457393,4.45739392358776,,82.57
FRA,France,1978,19816569767.4419,3.9496921083797,59.302347156508,2.64745547805989,4.0736107251209,,88.96
FRA,France,1979,23812519272.2788,3.91512497382701,59.0667037758605,2.59745041144935,4.15540600677709,,96.43
FRA,France,1980,23722601676.498,3.41563785088454,58.858892290565,2.41647635670498,3.76803032459911,,96.42
FRA,France,1981,20342305371.1527,3.33926677836126,58.7939512014101,2.35360126335568,3.51418144505389,,92.94
FRA,France,1982,22204810859.3672,3.84065071640816,58.7178773541145,2.311428540893,3.18664025410577,,99.68
FRA,France,1983,18789482743.7817,3.3955486373867,58.5675851192133,2.33646967468174,3.28954425600847,,95.58
FRA,France,1984,16622232229.9782,3.16593850567096,58.4618239168754,2.55068304194797,3.4710297526729,,102.47
FRA,France,1985,17249598481.5302,3.15221803900914,58.3393635773263,2.48186615428279,3.25493311576223,,100.91
FRA,France,1986,23393503172.6489,3.05818780099865,58.2521569718898,2.37822425728337,3.14728958366318,,99.66
FRA,France,1987,27072356215.2134,2.92256792569356,58.174227664904,2.3640081204948,3.17449396015953,,102.65
FRA,France,1988,27222112102.1914,2.69305175565178,57.2038222469617,2.32181266507667,3.15693410318901,,100.18
FRA,France,1989,30094077729.7964,2.95985320818883,57.0385007885704,2.1377052708811,3.04714802544733,,99.47
FRA,France,1990,37452114203.1081,2.97794544466016,56.7637072084609,1.86003478006849,2.61841880685987,,101.62
FRA,France,1991,31118707127.0782,2.47177542612757,56.563503107895,1.62702212424673,2.37108466510571,5.40357282744229,98.44
FRA,France,1992,34176579925.6506,2.45934288583764,56.3768438630671,1.56184137453339,2.32592037979706,5.28027862547016,102.42
FRA,France,1993,28543317118.3692,2.17161277383409,56.2042861118842,1.44722393190467,2.124306155385,5.16407737828864,96.96
FRA,France,1994,31467982041.5879,2.27070751919673,56.0439743946563,1.46530207105932,2.38342020570696,4.91960592493118,98.15
FRA,France,1995,36903535287.1599,2.313383133861,55.9424807496057,1.45934079145404,2.54197318343052,4.6377962250851,100.3
FRA,France,1996,36378894730.0936,2.27526049667286,55.8424714723073,1.3560553455092,2.13385296384968,4.57403766520751,105.96
FRA,France,1997,32110699033.4907,2.21545959227374,55.7372669078764,1.22903877114789,2.11464138465278,4.39657907792116,106.73
FRA,France,1998,33464198354.4585,2.2355571969051,55.6266815103442,1.13127317312602,1.95090947901212,4.18267455457589,107.26
FRA,France,1999,31473870592.8186,2.11672166680524,55.5322386121161,1.08253314593051,1.85646896484351,4.02326219046311,107.74
FRA,France,2000,27008185797.1765,1.98449655121117,55.3064291678263,1.09500735503525,1.91376329693013,3.92859020647262,103.54
FRA,France,2001,27438506206.2992,2.00226015670254,55.1318304109843,1.02076244616367,1.7121080494156,3.85819057816485,99.36
FRA,France,2002,28412599303.5295,1.90378389721189,54.9414602467761,0.995624599508137,1.68627625800336,3.91722095554192,104.46
FRA,France,2003,32033557377.5686,1.74560664256609,54.8002597643566,0.994184500513953,1.68070564591361,4.03399070706044,95.96
FRA,France,2004,36292342769.6526,1.72018557547967,54.6588737359681,0.975276502354572,1.56504767482141,3.67093811893622,104.2
FRA,France,2005,34695189515.9533,1.58270403235962,54.5327024770387,0.940078216335911,1.46728431675382,3.57629786597461,100.25
FRA,France,2006,33077369847.1764,1.42706409375236,54.3885332591149,0.919349530025359,1.37493721856043,3.65341220272104,96.0
FRA,France,2007,40281501672.0393,1.516727357675,54.1907412561462,0.92361510443111,1.41389472800026,3.41125136818961,95.01
FRA,France,2008,41569579644.2969,1.42030674677991,54.0126171258929,0.840573966740374,1.30406897158147,2.75954072487772,99.74
FRA,France,2009,33276161108.125,1.23241577481447,53.8452546618425,0.863059849521024,1.26720892137413,2.94919555638024,100.92
FRA,France,2010,39716747901.6667,1.50088040274637,53.6715836348455,0.955054128263272,1.38892568170421,2.91628963096486,98.59
FRA,France,2011,44530736473.7355,1.55137276231397,53.5830782076259,1.03341504628488,1.32947904800895,2.92935605051346,100.92
FRA,France,2012,40941204296.8359,1.52594468949115,53.5203636700993,0.971946582792798,1.19773893597373,2.93519968394183,97.79
FRA,France,2013,38338119379.0197,1.36140137870511,53.3884404861304,0.96565485022917,1.2001591071542,3.07468603940482,96.25
FRA,France,2014,41818281988.4704,1.46154600121993,53.3750811763614,0.977679040918057,1.17447295956891,2.84532855129578,102.48
FRA,France,2015,36725209533.5547,1.50360116027898,53.301604972632,0.954577498742947,1.18446060162231,2.74492881802116,102.22
FRA,France,2016,33053676613.7744,1.33798472564444,53.2851303460432,0.947032111629837,1.16015549872364,2.87190100053817,95.29
FRA,France,2017,37149226583.8824,1.43496006533197,53.2470526022822,0.970317568276113,1.13373778542358,2.60567334700683,101.33
FRA,France,2018,42588762487.0588,1.53110170543578,53.1776602653307,0.918611286841535,1.15787285758565,2.49665280040208,97.17
FRA,France,2019,38344688699.6078,1.40828485472535,52.915574914185,0.89349530798971,1.08647159743333,2.51529494034492,98.0
FRA,France,2020,38671219441.0896,1.4604342657704,52.729670655905,0.971448912005557,1.19054133556427,2.35004825828845,93.7
FRA,France,2021,43409171408.5264,1.46334541457898,52.7417272474256,1.08260462575962,1.24030905456857,2.51483563043554,96.72
FRA,France,2022,48075145391.2453,1.72017137018833,52.6738892290565,1.02370508984539,1.12192383289987,2.59254288928259,94.02
FRA,France,2023,45377924868.8243,1.48475796304424,52.5043974394656,0.957011026568878,0.998478969740346,2.50551207357095,
FRA,France,2024,41079261216.3281,1.29979455802577,,1.01835910089622,1.05196621095325,2.39137797232537,
FRA,France,2025,,,,,,2.33412938549967,
DEU,Germany,1961,,,55.4950877896486,,,,72.26
DEU,Germany,1962,,,55.5466445163693,1.68993189605676,10.226675978459,,79.13
DEU,Germany,1963,,,55.5724228797296,1.75949277925864,9.82753669712057,,82.61
DEU,Germany,1964,,,55.7328215850829,1.70718738196813,10.0494649004907,,81.06
DEU,Germany,1965,,,55.9505055423481,1.80849261763233,8.88930796961922,,78.3
DEU,Germany,1966,,,55.9419127545613,1.82543229501981,8.35524476477799,,81.92
DEU,Germany,1967,,,55.6010655056856,1.73226007288357,7.80740236109079,,87.92
DEU,Germany,1968,,,55.237304156045,1.68202498176831,8.00279443891943,,89.08
DEU,Germany,1969,,,55.1485120155816,1.63902103755345,7.57811122660011,,85.53
DEU,Germany,1970,,,54.4868673559992,1.45178777710444,6.45202226243571,,88.43
DEU,Germany,1971,,,54.283504711712,1.53164053558756,6.84733590807795,,87.94
DEU,Germany,1972,,,54.2749119239252,1.44347010543197,5.75501060978922,,87.52
DEU,Germany,1973,,,54.1259702689543,1.60744557472405,5.57025684127575,,89.1
DEU,Germany,1974,,,53.9082863116891,1.4478549957385,4.6024449834776,,92.26
DEU,Germany,1975,,,53.8252226964168,1.27935079649567,4.33388287477841,,88.63
DEU,Germany,1976,,,53.7278377681666,1.38108584690798,4.42021946432826,,86.53
DEU,Germany,1977,,,53.5874889009824,1.26016517513308,4.56866237907422,,90.93
DEU,Germany,1978,,,53.4442757712027,1.23479893262569,4.39621784345383,,94.62
DEU,Germany,1979,,,53.258098702489,1.28416244916302,4.14209612881194,,96.34
DEU,Germany,1980,,,53.0432790078194,1.24650638473637,4.01455525207477,,94.89
DEU,Germany,1981,,,52.8771517772749,1.27624825659822,3.72450062986313,,94.72
DEU,Germany,1982,,,52.6909747085613,1.14547001592644,3.61442284719784,,99.33
DEU,Germany,1983,,,52.501933377252,1.21533093055743,3.7317448814933,,96.16
DEU,Germany,1984,,,52.3701772978547,1.30407568016439,3.82567624904615,,102.68
DEU,Germany,1985,,,52.2556067940309,1.29820698286584,3.4916517107751,,102.94
DEU,Germany,1986,,,52.1524933405895,1.19072400335835,3.5037581152462,,105.62
DEU,Germany,1987,,,51.9147595451551,1.16320109777925,3.61724655670937,,102.39
DEU,Germany,1988,,,51.8345601924784,1.17360230752528,3.68343084755656,,103.11
DEU,Germany,1989,,,51.7171254260591,1.13123782161987,3.65047716615331,,101.85
DEU,Germany,1990,,,51.6483831237648,1.10687585175178,3.14556425817301,,99.54
DEU,Germany,1991,20070713022.9817,1.06998573771213,49.0820038381119,1.1296554101646,2.6557276659804,3.64354776344305,92.12
DEU,Germany,1992,21174702567.3137,0.988835539128248,48.5521152579269,1.10133230459283,2.69463552126534,3.55614043480647,87.29
DEU,Germany,1993,20328877321.6609,0.977841510464679,49.1578826764436,0.975204607615036,2.33639331992818,3.49241223892923,86.23
DEU,Germany,1994,22005544172.5925,0.993351541332521,49.5774970639627,1.0593239051226,2.64231050234467,3.24876344254583,83.33
DEU,Germany,1995,26766753104.9543,1.03224855652577,49.6791750214838,1.09028556489937,2.64851634821889,3.17017783481766,85.8
DEU,Germany,1996,26749415128.6717,1.06716928692911,49.6634105817984,0.977748428346028,2.24402763829406,2.93477985279435,87.92
DEU,Germany,1997,22988946537.3336,1.03610244105776,49.6404526572124,0.951033077852222,2.22577217349074,2.94220631720949,88.53
DEU,Germany,1998,21970656885.6285,0.97744658336259,49.776517105037,0.925035286024331,2.12163255236703,2.77992529407154,89.95
DEU,Germany,1999,21272897899.6139,0.96089041227783,49.1489483638031,0.895629634494212,1.88565265764339,2.86390534226756,92.66
DEU,Germany,2000,19594440227.451,0.996168402468,48.9124516406362,0.89698099245111,1.73774085981019,2.63752286933477,93.72
DEU,Germany,2001,21302548312.9922,1.08333750848315,48.8220120378332,0.860668363565498,1.72473896802562,2.61599256583608,94.16
DEU,Germany,2002,18949297458.8236,0.901338514680484,48.6355558103537,0.899891311390311,1.73944459698461,2.48709644827829,89.99
DEU,Germany,2003,21021484727.8431,0.829342960804352,48.7400017201342,0.803331839977768,1.57657951464992,2.42462694583117,86.1
DEU,Germany,2004,27064826604.6333,0.948871367267906,48.7799982796686,0.777543455665998,1.4735443479443,2.35515518034185,95.66
DEU,Germany,2005,21007708339.2996,0.72605784900095,48.8330083725198,0.841795912497273,1.50311522650681,2.3258013941122,92.16
DEU,Germany,2006,21829841145.8823,0.716599757643703,48.5948612066988,0.853007538029197,1.41197624094796,2.51144888364642,90.14
DEU,Germany,2007,28641620541.5687,0.822076767549622,48.6133019760805,0.827555822739695,1.38581532391662,2.29226746401861,91.83
DEU,Germany,2008,31875683274.2187,0.837028054130878,48.5356968706078,0.77305825107001,1.42450502602817,1.62361397138887,96.41
DEU,Germany,2009,23320762093.75,0.670417045914746,48.4380826711798,0.83945401512419,1.42139722917594,1.64213520468111,98.31
DEU,Germany,2010,26904094033.3334,0.775984032180357,47.9100324181656,0.865856229949373,1.6553513671869,1.61830257757644,94.55
DEU,Germany,2011,35354271468.8717,0.924638957956395,47.9659169153087,0.911496061368404,1.68225003751225,1.72134177495464,95.21
DEU,Germany,2012,32778813385.5469,0.911412934754651,47.8108681930338,0.858725949043021,1.55846642844458,1.57384407563171,96.12
DEU,Germany,2013,35296065010.1962,0.927130138706706,47.8588626461821,0.863505801783611,1.53658751512939,1.45894463226383,97.08
DEU,Germany,2014,36302612432.1567,0.915606456087681,47.9363714531384,0.847330972574896,1.47007976942912,1.43811499003853,102.97
DEU,Germany,2015,24267265943.75,0.708512712866412,47.9590666743106,0.795232239715263,1.43282100040842,1.39978647623171,99.27
DEU,Germany,2016,25837332459.9222,0.730531013610999,47.6843370735058,0.794632270392365,1.42970591897161,1.30724054984753,97.76
DEU,Germany,2017,32382310923.5295,0.860007620510574,47.7631164667831,0.749326464898909,1.35911384761965,1.27775937087065,97.5
DEU,Germany,2018,30109616181.9608,0.742451289010288,47.6415364359723,0.748763234906963,1.30445032119442,1.26910924531579,91.87
DEU,Germany,2019,32990913803.9215,0.833126017731138,47.7002776267209,0.738933185446484,1.21273412447377,1.18740607688,94.41
DEU,Germany,2020,28719378963.4242,0.728659526127881,47.4970663155786,0.784575408082683,1.16060082592656,1.11355468975483,95.45
DEU,Germany,2021,32834053748.0615,0.753895620719434,47.4856177910072,0.882402559849939,1.27499214106383,1.21183428547171,94.49
DEU,Germany,2022,41784969961.0897,0.994638278032481,47.5011449507671,0.887243837742469,1.16062705047413,1.27225858221331,92.71
DEU,Germany,2023,42390055270.589,0.929156663056282,47.4658729931603,0.727106894783502,1.00312542797056,1.21168390188867,
DEU,Germany,2024,42844948475.0,0.914397651173374,,0.714729761877556,1.06880017334015,1.09309527721912,
DEU,Germany,2025,,,,,,1.07104516806735,
IRL,Ireland,1961,,,66.1634489766294,,,,42.77
IRL,Ireland,1962,,,66.9719843228335,,,,43.06
IRL,Ireland,1963,,,67.0184351865292,4.73302486080085,6.52715405331067,,42.4
IRL,Ireland,1964,,,67.6382638989694,3.59857477940449,6.5413757674482,,40.15
IRL,Ireland,1965,,,68.3379300333866,4.28125964762484,5.70512394166791,,41.52
IRL,Ireland,1966,,,69.0042096095224,3.87363026433001,5.46515484649217,,43.13
IRL,Ireland,1967,,,69.4237189722746,3.0296025809243,5.56525000005955,,50.17
IRL,Ireland,1968,,,69.7183916388445,2.95602231975489,5.76282559757465,,50.1
IRL,Ireland,1969,,,69.908549862099,3.02893764016008,5.07568140615794,,50.17
IRL,Ireland,1970,,,69.5935549426622,2.32544246402207,4.75608427724157,,50.68
IRL,Ireland,1971,,,70.0246770213384,1.96152272368726,4.24778086811452,,53.84
IRL,Ireland,1972,,,70.0740310640151,2.18897539333821,4.4200981005838,,51.15
IRL,Ireland,1973,,,70.2859631296269,2.72880499796191,5.27796893093644,,52.5
IRL,Ireland,1974,,,70.3846712149804,2.46317849855673,5.23473825380824,,58.92
IRL,Ireland,1975,,,70.191609812745,2.11004328198012,3.26703704544324,,64.48
IRL,Ireland,1976,,,70.4311220786761,2.35699204316395,4.01140936588784,,60.96
IRL,Ireland,1977,,,70.8491798519379,1.91527466680705,3.65839751834164,,69.33
IRL,Ireland,1978,,,70.91450137901,2.16340954807442,3.03954876783636,,70.94
IRL,Ireland,1979,,,71.0727246334737,2.33617963469519,3.05232486343542,,71.82
IRL,Ireland,1980,,,71.5851357236174,2.1337034115046,2.75431608204605,,75.17
IRL,Ireland,1981,,,71.2599796777471,2.15072965642739,2.77582336321836,,66.07
IRL,Ireland,1982,,,71.0582087385687,2.19191153899917,2.29357316663929,,71.74
IRL,Ireland,1983,,,70.7867615038467,2.01260383391801,2.21961340430268,,73.21
IRL,Ireland,1984,,,71.0320801277399,2.04422098524636,2.20074100789064,,80.2
IRL,Ireland,1985,,,70.8898243576716,1.69113855139503,1.99715738412017,,82.0
IRL,Ireland,1986,,,70.3280592248512,2.00327531511231,2.04675277971316,,83.94
IRL,Ireland,1987,,,69.9230657570039,1.93864835526354,1.98516101979311,,83.25
IRL,Ireland,1988,,,69.6835534910727,1.98617060151863,1.96277837009815,,80.62
IRL,Ireland,1989,,,67.8864857018435,1.84047995005835,1.85673975029704,,79.33
IRL,Ireland,1990,,,65.864421541588,1.65194515267706,1.80698759626735,,87.37
IRL,Ireland,1991,,,64.5202496733924,1.51092215701136,1.60077993439525,13.9053374401732,89.94
IRL,Ireland,1992,,,64.1050950791116,1.55651799512291,1.41502318166305,13.4963029781998,91.74
IRL,Ireland,1993,,,63.9759036144578,1.34247601759471,1.26939355895773,13.0967809884352,88.4
IRL,Ireland,1994,,,63.7770358542604,1.2418375830728,1.400741093898,12.5795881906167,84.31
IRL,Ireland,1995,3858133838.38384,5.58019048648672,63.7059079692263,1.12867634774878,1.23689752732872,12.0083069146725,86.35
IRL,Ireland,1996,3554674899.19355,4.69011481893998,63.0251124981855,1.0463989924613,1.17398297813019,11.2386935648753,91.11
IRL,Ireland,1997,3236997373.44795,3.90674426489094,63.2260124836696,0.849173338961797,1.10334817882838,10.9128462859317,90.93
IRL,Ireland,1998,3134749355.16429,3.47535460725289,63.4269124691537,0.640263708597065,1.01223399618175,9.10265128595966,93.17
IRL,Ireland,1999,2543841054.17877,2.57229167369639,63.6278124546378,0.535396949023717,0.951569006173868,8.64113011715241,97.83
IRL,Ireland,2000,2510129532.84706,2.50492903890048,63.814196545217,0.471923135665265,0.950210122918839,7.95130308685316,92.92
IRL,Ireland,2001,2180219315.75315,1.99385983232223,64.0150965307011,0.419179566459608,0.860149485443744,7.10455785413614,94.24
IRL,Ireland,2002,2231537917.40353,1.7353084894094,63.478008419219,0.441093753164781,0.863331515627759,7.03106368379433,89.98
IRL,Ireland,2003,2437133704.79882,1.48000381983801,63.4344607345043,0.468082752384249,1.05821106440978,6.49516978356483,91.38
IRL,Ireland,2004,3059586723.27259,1.57408727204836,62.4909275656844,0.472837754140112,1.04011011586616,6.37262256762949,92.79
IRL,Ireland,2005,2189853917.88327,1.03354966551094,62.4473798809697,0.447559278504966,1.02266514313409,5.89397847523862,88.44
IRL,Ireland,2006,2138738067.64588,0.921152718855531,61.837712294963,0.462905296557703,0.988936616187641,5.63296292313558,87.64
IRL,Ireland,2007,2817528797.91648,1.04322286551282,62.0699666134417,0.513500416947392,0.959955137663956,5.44100416824384,89.36
IRL,Ireland,2008,2341382405.27578,0.850028643552735,67.1940775148788,0.473965258382013,0.72845353752427,5.2862261364258,86.86
IRL,Ireland,2009,1319249374.60078,0.557956348121,66.6848599216142,0.410498300594683,0.634689804991198,5.59115203892228,84.94
IRL,Ireland,2010,2118501861.91667,0.955429971049666,66.3086079256786,0.51926082554808,0.669130740564272,5.75125420319131,88.48
IRL,Ireland,2011,2903305467.65565,1.20481169133057,66.1199012919147,0.549141742501164,0.617726948477582,5.72373076711203,90.93
IRL,Ireland,2012,2238096727.25156,0.98628534243733,65.8005516040064,0.564772480890988,0.626253648591579,5.78611402820796,85.76
IRL,Ireland,2013,2599302314.32628,1.07000530417849,64.9876614893308,0.640296704505902,0.61192432543095,5.77701963826635,89.99
IRL,Ireland,2014,3244054108.70862,1.21732475012945,64.8279866453767,0.671717958929099,0.616262860917637,5.44130125806165,96.22
IRL,Ireland,2015,2624338606.78555,0.86869465225802,64.3054144287995,0.564137538442997,0.631165109359189,5.32101226360809,100.61
IRL,Ireland,2016,2828114208.34203,0.925941331563359,64.7554071708521,0.509299169842882,0.58399549759013,5.28052712454424,103.17
IRL,Ireland,2017,3900937090.58707,1.11981590911886,65.1618522281899,0.414111589941158,0.529226019068664,5.0458993333045,110.85
IRL,Ireland,2018,3673510164.92235,0.928168981879793,65.5537813906227,0.359991119785228,0.503345159980887,4.76307245854298,110.61
IRL,Ireland,2019,3884379521.50588,0.953896616119834,65.6699085498621,0.309781918603266,0.575922028977369,4.42881782518225,114.89
IRL,Ireland,2020,4399210574.87472,1.00897235932956,65.495717811003,0.282973796575364,0.601111319605795,4.47968889076715,116.55
IRL,Ireland,2021,5479631125.62782,1.03312440304987,62.9554362026419,0.437535775389304,0.617038971754358,4.81198871473877,119.25
IRL,Ireland,2022,6431036481.23543,1.17281530326124,63.115111046596,0.372282283480684,0.490669548532621,3.86204408972643,121.51
IRL,Ireland,2023,4805140480.0942,0.846910710164401,60.8070837567136,0.29113734355515,0.491784044878447,4.63227712600625,
IRL,Ireland,2024,6220377775.83906,1.02114448018423,,0.261382518009902,0.529597841240843,3.95409935551031,
IRL,Ireland,2025,,,,,,3.85320090845589,
NLD,Netherlands,1961,,,68.0361374407583,,,,43.19
NLD,Netherlands,1962,,,67.7517772511848,12.210790673172,13.7898469377524,,45.37
NLD,Netherlands,1963,,,67.4437203791469,6.37649683531269,6.97201694682305,,45.38
NLD,Netherlands,1964,,,66.8779620853081,6.24300392800721,7.16087784945037,,45.96
NLD,Netherlands,1965,,,66.5669431279621,6.05156831056886,6.65091520796525,,44.82
NLD,Netherlands,1966,,,66.5906398104265,5.94412440228566,6.13289528036901,,46.92
NLD,Netherlands,1967,,,66.4010663507109,5.82121472468887,5.57414320255342,,51.39
NLD,Netherlands,1968,,,66.1937203791469,5.10399910432286,5.28989473125837,,53.04
NLD,Netherlands,1969,1920770121.35138,5.63506417571136,65.7049763033175,5.03477176083182,4.9752105788495,,53.52
NLD,Netherlands,1970,1978077555.24441,5.17538403445626,65.2043838862559,4.61309738196886,4.32209240549063,,58.42
NLD,Netherlands,1971,2147021929.82456,4.80912730820138,63.281990521327,4.27937565646978,3.96451300140591,,60.15
NLD,Netherlands,1972,2604609310.62895,4.75405839809106,62.8465639810427,4.38215419887861,4.00136060559194,,59.14
NLD,Netherlands,1973,3369201481.94861,4.68291709043437,62.4407582938389,4.27070005964739,4.24457759484006,,61.64
NLD,Netherlands,1974,3535490613.98475,4.04648888634027,62.1771327014218,3.72249155814905,3.91526980200156,,66.01
NLD,Netherlands,1975,4350008713.83757,4.33280480567973,61.821682464455,3.45459856599819,3.04556624243666,,65.09
NLD,Netherlands,1976,4730477579.5966,4.3268125142264,61.6084123222749,3.44794535505039,3.50053415163856,,66.5
NLD,Netherlands,1977,4661477058.4538,3.66457017762992,61.1907582938389,3.62219842212584,3.20070858557714,,68.86
NLD,Netherlands,1978,5521303727.84681,3.53727744869084,60.7316350710901,3.75897154373936,2.99498194250888,,73.04
NLD,Netherlands,1979,6303051741.18423,3.50298319967165,60.3317535545024,3.62105067873321,2.93696927777153,,75.15
NLD,Netherlands,1980,6742766570.60519,3.45005662203806,60.3436018957346,3.375962495743,2.62836438899104,,76.48
NLD,Netherlands,1981,6365638964.93862,3.87261379108257,60.1451421800948,3.28408679558264,2.377405837377,,79.59
NLD,Netherlands,1982,6316981100.93257,3.98013422524528,60.053317535545,3.38703529869532,2.3420315771441,,82.35
NLD,Netherlands,1983,5851164388.85028,3.80758450873502,59.5023696682464,3.46746844619763,2.4281666157331,,82.02
NLD,Netherlands,1984,5453377060.43956,3.78379696982182,59.6830568720379,3.57420834096137,2.48822966285742,,86.11
NLD,Netherlands,1985,5481289145.43524,3.80493085181904,59.8281990521327,3.67766985011163,2.35060632776851,,86.64
NLD,Netherlands,1986,7902978053.60676,3.9287473115015,59.7748815165877,4.21536498016818,2.51669760726911,,89.23
NLD,Netherlands,1987,9527552219.32115,3.88234817225228,59.6652843601896,4.55731744008081,2.5201566021958,,87.71
NLD,Netherlands,1988,10059657709.8896,3.83523157418457,59.6978672985782,4.53558201367857,2.52386318714689,,86.54
NLD,Netherlands,1989,10737940351.2418,4.15045950732726,59.4164691943128,4.38657175946511,2.62302849780507,,86.18
NLD,Netherlands,1990,12809640566.3802,4.01809303225838,59.7748815165877,4.23354738572028,2.44862273213712,,88.72
NLD,Netherlands,1991,12811561763.3192,3.90617455072096,58.3382701421801,4.31112327629501,2.13973844999231,4.28979252607414,88.74
NLD,Netherlands,1992,13244481203.0075,3.64362824909901,58.1694312796209,4.43830852360507,2.22997363215861,4.18179055744514,94.03
NLD,Netherlands,1993,11296926910.299,3.19058691390917,58.2612559241706,4.03376406029592,2.24548827028479,4.07403793957861,94.01
NLD,Netherlands,1994,12216234410.9456,3.21743824904668,57.7725118483412,4.23341854486112,2.43674954536511,3.98577265726826,90.77
NLD,Netherlands,1995,14081800713.6975,3.10878945071993,58.1960900473934,3.91134541848146,2.37173842986934,3.82889661578432,91.94
NLD,Netherlands,1996,13009150326.7974,2.88213147987257,57.7784360189573,3.67588227393708,2.1731284398131,3.78049069402151,93.59
NLD,Netherlands,1997,12418116105.7149,2.97435481253043,58.1546208530806,3.16621711774964,2.13200104245641,3.70561838479338,88.72
NLD,Netherlands,1998,11253054876.6941,2.56560268869083,56.7476303317535,3.47270046464141,2.14331622119387,3.48961644844668,90.18
NLD,Netherlands,1999,10473385153.2819,2.33896554268428,58.4300947867299,3.55168261208827,2.03439540685361,3.21088614756977,94.91
NLD,Netherlands,2000,9650827524.7059,2.31074921880356,58.0450236966825,2.73273165788569,1.77249135497971,3.28289746129152,93.96
NLD,Netherlands,2001,9669216379.52757,2.23546975717531,56.9520142180095,2.62921612254201,1.58989171710803,3.12209090477473,87.45
NLD,Netherlands,2002,9926632970.1961,2.0874883923476,57.4674170616114,2.89905473256338,1.70833079832511,2.93636517584597,87.21
NLD,Netherlands,2003,12043464695.2941,2.06777613560665,56.6854265402844,3.15068850576802,1.67793981198739,3.04062987792843,81.58
NLD,Netherlands,2004,12395486584.9421,1.87462493392253,57.7428909952607,3.00993406041974,1.57183361866825,3.31299947157566,86.75
NLD,Netherlands,2005,12876334319.0661,1.87119658954082,57.396327014218,2.76893771520703,1.49852346270251,3.70135014514891,85.15
NLD,Netherlands,2006,14455709255.2941,1.95984638535758,56.8601895734597,2.65169121200917,1.46288600913056,3.33925595069523,83.28
NLD,Netherlands,2007,15634413471.3726,1.83180121231584,56.7061611374408,2.66437345625729,1.48848893556291,3.21492179285906,85.92
NLD,Netherlands,2008,15828270354.6875,1.65239006969149,57.1475118483412,2.51260539218716,1.38204899024103,2.72054308540874,87.38
NLD,Netherlands,2009,13763712939.0625,1.56591919996572,56.8455380966499,2.86722033122894,1.44678078753976,3.00246569064987,89.82
NLD,Netherlands,2010,15240438800.0,1.78780819318779,55.5084494515268,2.66003996963331,1.45840068341491,2.76984071824323,89.65
NLD,Netherlands,2011,14596042782.1012,1.59844393327571,55.1126927639383,3.05662676984529,1.7287773433027,2.72606251910729,93.15
NLD,Netherlands,2012,14351089464.8438,1.69697006526574,54.6174377224199,2.92633668134068,1.55525784333872,2.65715615246898,90.81
NLD,Netherlands,2013,16306633285.4902,1.84474290341919,54.8411991688928,2.8114308450545,1.48655547053144,2.18670322673616,93.41
NLD,Netherlands,2014,16236936585.8823,1.80098935055634,54.5888987830217,2.90223104427769,1.53115354910939,2.29610722801036,96.63
NLD,Netherlands,2015,14009819269.9219,1.80598562591626,54.8262548262548,2.99268204392355,1.64399006218557,2.23642780577583,101.11
NLD,Netherlands,2016,14859067386.7705,1.86399139098136,53.9055539055539,3.09632573982557,1.69030913662067,2.19257165723739,102.26
NLD,Netherlands,2017,16692169063.5294,1.96787421373596,54.024354024354,2.88600858426527,1.6346602911946,2.22472155518779,102.47
NLD,Netherlands,2018,16362124733.3333,1.75987236955923,54.1431541431541,2.79961150112623,1.65960726268424,2.05594941559686,96.33
NLD,Netherlands,2019,16337610996.0784,1.7588069903961,53.959013959014,2.8073635653828,1.58759527689702,2.0101474461133,100.72
NLD,Netherlands,2020,16202051805.4475,1.73737205482673,53.8892188892189,3.0054485699466,1.73097583157678,2.05038103102265,102.3
NLD,Netherlands,2021,17447785054.2633,1.65464640233302,53.8164538164538,3.03233533861814,1.71818618039125,2.14689767197521,103.93
NLD,Netherlands,2022,17183647677.0429,1.64194723390554,53.5788535788536,2.5239621267507,1.39227477392387,1.84526703405779,101.0
NLD,Netherlands,2023,19887773864.7062,1.75149243000648,53.5491535491536,2.6667564328767,1.32751410044991,1.81273534650406,
NLD,Netherlands,2024,21014416800.7812,1.72968455863421,,2.79434681211531,1.37574018747349,1.74627745051382,
NLD,Netherlands,2025,,,,,,1.70416434849209,
NZL,New Zealand,1961,,,49.990505487828,,,,34.96
NZL,New Zealand,1962,,,50.3133189016748,,,,36.7
NZL,New Zealand,1963,,,50.4652310964263,,,,37.25
NZL,New Zealand,1964,,,50.5715696327523,42.7723086660202,3.52794950393057,,38.58
NZL,New Zealand,1965,,,50.32851012115,37.2852987106533,3.19648957623889,,38.54
NZL,New Zealand,1966,,,50.256351828643,40.4963337481038,3.12878566383014,,39.56
NZL,New Zealand,1967,,,50.309521096806,28.8146869556964,2.95375061260706,,41.25
NZL,New Zealand,1968,,,50.3133189016748,31.4769434220884,2.64016241359592,,43.93
NZL,New Zealand,1969,,,49.7170635372755,32.0737027663399,3.09775919532477,,45.61
NZL,New Zealand,1970,,,49.7056701226691,28.8138145947901,2.91785547837531,,44.71
NZL,New Zealand,1971,902481246.393537,11.4077315827863,49.6980745129315,27.3524087871906,2.32067157377038,,45.32
NZL,New Zealand,1972,1259115216.33447,13.1605691056911,51.2164368994721,29.1781271759403,2.23839131625872,,47.06
NZL,New Zealand,1973,1523584249.33908,11.9008803390936,51.2006760092666,33.4381119463665,2.8066941698623,,47.17
NZL,New Zealand,1974,1148648648.64865,8.23936696340257,51.1849151190612,31.5109309150731,2.40083486815411,,43.14
NZL,New Zealand,1975,1276259317.82245,9.92272567615033,52.9546921879154,26.9772833061559,1.43565223179756,,46.69
NZL,New Zealand,1976,1467264224.47389,10.78487539387,54.5117921841176,29.9493699162453,1.73810387060563,,51.93
NZL,New Zealand,1977,1460452256.34443,9.45470817618104,54.2182218677604,29.8526639842527,1.92382022750768,,50.05
NZL,New Zealand,1978,1659698996.65552,8.95657078398195,55.0601952071703,28.8933429364984,1.89808535406916,,49.13
NZL,New Zealand,1979,2367023940.69919,11.4176652493235,54.8516957198739,28.6817187344635,1.93649436657702,,48.8
NZL,New Zealand,1980,2315190117.73789,9.96014282155609,55.4137708404542,26.3895259321048,1.66811866688457,,50.55
NZL,New Zealand,1981,2080592789.94255,8.5208674304419,57.679161444685,22.9242868813322,1.53647870376777,,52.66
NZL,New Zealand,1982,1734887108.52149,7.17945626620049,55.523907181649,20.8354227126941,1.50452676413967,,53.58
NZL,New Zealand,1983,1807308096.74027,7.43464273162291,55.4156697428886,21.5308820220851,1.33948867111016,,55.56
NZL,New Zealand,1984,1800788136.47205,8.3115950700012,54.9656298659375,20.8886466784953,1.57496409287103,,55.81
NZL,New Zealand,1985,1802557544.75703,7.30377831664905,54.6618054764346,20.7694691874575,1.48595384673482,,60.17
NZL,New Zealand,1986,1820870299.95775,5.94964885338119,54.6466142569595,22.0876832466712,1.333811104365,,57.72
NZL,New Zealand,1987,2461157536.36645,6.09554179186852,54.2098666970491,23.8791249770089,1.43988180898881,,57.66
NZL,New Zealand,1988,2941062801.93237,6.51011591599299,53.8908510880711,25.010056731143,1.3948317365818,,59.18
NZL,New Zealand,1989,2972717050.36397,6.76844715140409,53.5509475523148,21.9188003226966,1.19744059579265,,57.21
NZL,New Zealand,1990,2724556266.06108,5.98867681637264,52.8540503588926,18.6614547176669,1.19240080116127,,55.0
NZL,New Zealand,1991,2944519468.82737,6.88851738254768,52.2524146443356,17.5061070426626,1.08567963967712,10.7680017520852,56.57
NZL,New Zealand,1992,2797745640.15313,6.71730388715134,51.6549082830124,16.9296990654832,1.18914563848322,10.8393956571201,60.16
NZL,New Zealand,1993,3426801614.95493,7.32604197457878,51.0559207777904,18.196422444401,1.21077610967175,10.5775270215563,59.78
NZL,New Zealand,1994,3599731363.33109,6.50772626931567,50.4568451634955,18.9173444545035,1.18074016171219,10.3662490326089,64.52
NZL,New Zealand,1995,4123273113.70882,6.45080842927803,49.857828415176,18.6812670244225,1.19541819697344,9.67358195439203,64.58
NZL,New Zealand,1996,4515054807.82572,6.43712722920644,49.2587881204664,16.9123791849891,1.03847395351631,9.41653371313535,67.07
NZL,New Zealand,1997,4015633864.9688,6.07737442159996,48.6599889863659,15.7826258710504,0.954262607301,8.64336493563875,69.97
NZL,New Zealand,1998,3343333859.67683,5.94611798625803,48.0612194751434,13.6394019126421,0.652700154488764,8.54007682663262,71.38
NZL,New Zealand,1999,3687788676.11189,6.27577740684807,47.4624773081159,13.2214806623413,0.847894735080545,9.42112603189599,66.45
NZL,New Zealand,2000,4079831379.26492,7.75290180992832,46.863819832137,14.435514586955,0.93411143904413,8.70533964449479,72.53
NZL,New Zealand,2001,4299765611.92031,7.98138479706632,46.265167673085,12.7654814808232,1.01481628151245,9.13044832984321,75.36
NZL,New Zealand,2002,3899650056.68096,5.85289352793662,45.6663419543504,13.4068917196573,0.959532077311153,8.82355240303363,75.58
NZL,New Zealand,2003,5056186637.3519,5.72933246598663,45.0343701340625,12.4775436541494,0.885553633005947,8.1841653506158,79.21
NZL,New Zealand,2004,5575126050.42017,5.36558854547454,45.1558998898637,11.6856677262391,0.89030235556237,7.56674203754855,83.13
NZL,New Zealand,2005,5182707878.61719,4.51769702400314,44.4798906232198,10.7349606843075,0.785640734229396,7.15660025129282,81.58
NZL,New Zealand,2006,5558653783.80131,4.98360503244111,43.2000303824389,10.9094870249616,0.781938300968804,7.19661092355971,82.27
NZL,New Zealand,2007,8325126772.98449,6.06836553759783,43.625384527743,10.0963254042857,0.701945151617834,7.16596873773127,84.66
NZL,New Zealand,2008,6673226962.81718,5.00102717537308,43.1962325775702,8.91239512881453,0.648388437169367,6.98527885788567,84.84
NZL,New Zealand,2009,6979823849.08489,5.73699370029419,43.6367779423493,9.86589624298316,0.704765106253501,6.63757746697546,85.75
NZL,New Zealand,2010,9652452428.24443,6.57130523506789,43.3253579431089,10.7037261202396,0.623351144996848,6.87051375157322,85.97
NZL,New Zealand,2011,10575830994.7417,6.27701974023538,43.1848391629638,10.8797034787843,0.616814042253668,6.92935546658879,85.91
NZL,New Zealand,2012,9722238442.72716,5.50645632003524,42.571113896168,11.0835649509324,0.643127275054013,6.81970553467438,90.36
NZL,New Zealand,2013,13427827560.4374,7.02982114184147,42.1784208727356,12.4117825546278,0.675342588484032,6.42814306437079,92.85
NZL,New Zealand,2014,9616458811.49244,4.77200031286406,42.2163989214234,11.5373466298408,0.68576642059433,6.2271236576426,98.86
NZL,New Zealand,2015,7961784549.93985,4.46728672100294,40.6820857544339,11.870776695632,0.848069399285893,6.11557732004885,101.16
NZL,New Zealand,2016,10484328501.0703,5.54432774887998,40.3099008772929,12.4174852318692,0.854510613012308,6.5955718001209,99.99
NZL,New Zealand,2017,12217491962.1764,5.90942208292093,40.4238350233565,12.215539520793,0.819633996535625,6.31185964782864,98.07
NZL,New Zealand,2018,12001314643.8642,5.6613811876987,39.8693555125138,12.7299138008258,0.807601097208892,5.88912804912112,102.01
NZL,New Zealand,2019,12118916248.0441,5.68946266357785,39.2882913675895,11.5401173163452,0.811176504488039,5.82540906680777,102.33
NZL,New Zealand,2020,12152588261.3609,5.70464895404622,38.5629106376514,10.4464969219259,0.825805684624447,6.01205539121553,103.53
NZL,New Zealand,2021,14650587070.307,5.76844884341389,38.6426645398959,11.9990594318033,0.882172553054805,6.06790738697123,103.26
NZL,New Zealand,2022,11400069744.5869,4.56898326146121,37.0172040560556,10.4010721581047,0.88815160730667,6.0121339864762,100.57
NZL,New Zealand,2023,,,36.8804830807793,9.78468749266808,0.624005601884121,5.61135048894207,
NZL,New Zealand,2024,,,,9.69168577528491,0.739930127982768,5.5332832249452,
NZL,New Zealand,2025,,,,,,5.41826375579813,
GBR,United Kingdom,1961,,,81.8418550820485,,,,65.84
GBR,United Kingdom,1962,,,81.7550531145373,2.77397315862511,14.5357401149357,,69.69
GBR,United Kingdom,1963,,,81.6227834497582,2.90882467556452,14.7617134898244,,69.58
GBR,United Kingdom,1964,,,81.440912660687,2.79848579498925,14.2869020053527,,71.08
GBR,United Kingdom,1965,,,80.9531682718142,2.30457369105579,12.9283679795632,,72.99
GBR,United Kingdom,1966,,,80.808498325962,2.19021016900873,11.9244926770337,,71.71
GBR,United Kingdom,1967,,,80.8250320340594,2.00647340230089,10.2270367098118,,74.77
GBR,United Kingdom,1968,,,80.2959533749432,1.94395536336393,9.74098023861762,,74.32
GBR,United Kingdom,1969,,,80.1058157318233,1.93351057349983,9.48026548769855,,74.31
GBR,United Kingdom,1970,,,77.9109659818956,2.33408214995458,8.94320369266829,,77.94
GBR,United Kingdom,1971,,,77.8861654197495,2.05346342837144,7.56278623287994,,79.21
GBR,United Kingdom,1972,,,77.5265572686314,2.3631901017316,7.52787373231897,,80.06
GBR,United Kingdom,1973,,,77.2785516471707,2.54455664372797,7.95383174978096,,81.15
GBR,United Kingdom,1974,,,77.0388128797586,2.35778821345463,6.68994860954058,,84.7
GBR,United Kingdom,1975,,,76.8114743934196,1.85001303874154,5.36155809929791,,80.22
GBR,United Kingdom,1976,,,76.7494729880544,2.06568859304973,6.19956102003221,,79.22
GBR,United Kingdom,1977,,,76.4270656801554,1.83808590214715,5.68771460620355,,86.07
GBR,United Kingdom,1978,,,76.3774645558633,1.6144715238823,4.81986507721325,,88.47
GBR,United Kingdom,1979,,,76.2699954532303,1.67986187229528,4.61363797680912,,88.93
GBR,United Kingdom,1980,,,76.3402637126441,1.40787743578372,4.07129405126814,,92.65
GBR,United Kingdom,1981,,,75.7243830860166,1.38140793613048,3.97891720163333,,89.99
GBR,United Kingdom,1982,,,75.5631794320671,1.34646121059089,3.76081188051574,,95.04
GBR,United Kingdom,1983,,,75.2945066754846,1.4215893381761,3.85326629166502,,95.02
GBR,United Kingdom,1984,,,75.2366386971438,1.49776048613936,3.84078050508547,,102.04
GBR,United Kingdom,1985,,,75.096102178316,1.38427835360804,3.44108943493057,,98.49
GBR,United Kingdom,1986,,,74.9390319513909,1.40946438064098,3.40726372683461,,98.93
GBR,United Kingdom,1987,,,74.8811639730501,1.37454166662735,3.66275885746463,,97.92
GBR,United Kingdom,1988,,,76.1501260695242,1.29585295808392,3.43640132745049,,95.84
GBR,United Kingdom,1989,,,75.6665151076758,1.22276427928496,3.22508175266419,,95.71
GBR,United Kingdom,1990,13931420454.5455,1.27440638130956,75.2407721241681,1.05345908655774,2.87462690129394,,97.83
GBR,United Kingdom,1991,14286835978.836,1.25016374315936,74.9927665027074,0.574110679604343,2.53139649888142,2.41756693452693,98.39
GBR,United Kingdom,1992,14626286416.2864,1.23987354389515,74.6910263299301,0.664141584679044,2.39105936939277,2.3491750516124,100.87
GBR,United Kingdom,1993,13276837132.5735,1.25089299086945,72.4755094448807,0.615448887060505,2.16023171313271,2.27707482667416,97.93
GBR,United Kingdom,1994,14748103764.9219,1.29313777851733,71.9588310668375,0.70097092163092,2.5037289230321,2.31265665164573,98.07
GBR,United Kingdom,1995,16594603124.5069,1.23005517468866,71.8348282561071,0.738001232901978,2.43455290594717,2.28512159147553,98.78
GBR,United Kingdom,1996,15260530421.2168,1.0706987343601,72.3101723639069,0.614970087612688,2.09322549590449,2.16887079729004,98.0
GBR,United Kingdom,1997,14846103470.8579,0.94602306218109,72.6863142231224,0.689339762135623,2.00694208499445,2.06442142858161,97.74
GBR,United Kingdom,1998,15526664458.4299,0.934878600404466,72.4093746124912,0.531653473043908,1.76827539701769,1.91347762069851,97.66
GBR,United Kingdom,1999,14508979129.5907,0.856765899800043,71.1734799322118,0.473542911004029,1.67823965138851,1.73130776972456,97.87
GBR,United Kingdom,2000,13458919655.0159,0.805152979066022,70.1194560410036,0.465309737288245,1.5338261800071,1.70962230909745,95.57
GBR,United Kingdom,2001,12560817619.1162,0.758425159620422,70.0739883437358,0.447967458140086,1.45871397612791,1.55159019182012,88.34
GBR,United Kingdom,2002,16110611510.7914,0.899764449050179,70.1690571652957,0.492384784706925,1.53567335306144,1.54428426010404,93.96
GBR,United Kingdom,2003,17133061224.4898,0.831206604029142,70.0863886248088,0.539474116542251,1.51839270962425,1.39208150037329,91.97
GBR,United Kingdom,2004,18015378982.0579,0.741442331384033,70.4790641921217,0.606683127068147,1.44243497726915,1.42260846622358,92.39
GBR,United Kingdom,2005,13960000000.0,0.547158772249259,70.0863886248088,0.581551627369287,1.38584723575812,1.37992550840949,93.13
GBR,United Kingdom,2006,15639374425.023,0.575070361550119,73.7320712602819,0.546576822243332,1.25753906679075,1.35227150618747,92.57
GBR,United Kingdom,2007,17178871548.6194,0.553318266269432,72.9425866986318,0.650483912117215,1.32332395397789,1.3656266619244,90.72
GBR,United Kingdom,2008,19727941176.4706,0.669821878060213,73.0955234985326,0.643299529064956,1.11753880751584,1.44138539988242,94.69
GBR,United Kingdom,2009,16541517370.3069,0.680900728162344,71.6116231967925,0.612338507297222,0.841235286211973,1.10940797685672,92.54
GBR,United Kingdom,2010,14124369176.3494,0.565712301782542,71.1941470673335,0.67658500628639,1.14877939138989,1.21733982160477,94.39
GBR,United Kingdom,2011,18841901261.0314,0.704214809469773,70.9461414458728,0.703236032466969,1.09876421808847,1.22158090144637,96.67
GBR,United Kingdom,2012,16992419503.3559,0.62478654917094,71.020543132311,0.710957205660162,0.97053599589766,1.18911772552048,90.81
GBR,United Kingdom,2013,17925131548.3264,0.640890919985333,71.3024428553714,0.60524066619391,1.15167449760631,1.06099350994285,92.79
GBR,United Kingdom,2014,22768348601.132,0.737947357586346,71.2272144835283,0.644393561245576,1.24898641105134,1.24416047148098,100.68
GBR,United Kingdom,2015,18661804860.2849,0.633552833586443,70.8386723432398,0.586423812858375,1.26314439690289,1.14458402685791,101.35
GBR,United Kingdom,2016,15983593230.1979,0.590496095532871,71.7148836440293,0.592020672484885,1.16947697032523,1.13788043759108,97.98
GBR,United Kingdom,2017,16360305655.1203,0.606135163563991,72.1950667548465,0.544383238678857,1.18619425511005,1.1585616698833,102.21
GBR,United Kingdom,2018,16313099715.5746,0.563097756036101,71.7185202331253,0.488454454650047,1.28073783430478,1.06753645094695,99.59
GBR,United Kingdom,2019,16590824084.4111,0.576929649470186,72.4229988013062,0.452674411812246,1.15669272987337,1.08545574617502,104.43
GBR,United Kingdom,2020,18625651133.7066,0.683760683760684,71.3400491877816,0.470842317086771,1.24585406565188,0.981318894168257,98.14
GBR,United Kingdom,2021,22304747489.8572,0.698210493866494,71.1575290373248,0.541368177387372,1.4869527942149,0.89635908345731,100.53
GBR,United Kingdom,2022,21667647999.5659,0.681106058275464,71.9816417972141,0.490929460519717,1.18579817518999,0.755797614735619,101.24
GBR,United Kingdom,2023,22172948816.6197,0.648180849687737,70.3073227793163,0.453417232450306,1.06562849121524,0.876663094174889,
GBR,United Kingdom,2024,23519500335.4917,0.638070794582258,,0.494496675098902,1.13269191503966,0.872993243912147,
GBR,United Kingdom,2025,,,,,,0.851258697821586,
USA,United States,1961,,,48.8602417741752,,,,41.2
USA,United States,1962,,,48.4761370286583,6.24338648004558,10.2596413782073,,41.26
USA,United States,1963,,,48.1979395040485,6.34164667596017,10.0836516392135,,42.92
USA,United States,1964,,,47.9325163555688,6.38167888363376,9.35052737251152,,43.51
USA,United States,1965,,,47.589791854097,5.47179565277521,8.5408770360868,,45.32
USA,United States,1966,,,47.5545258413619,5.16765673713277,7.47043288945965,,46.22
USA,United States,1967,,,47.5279944447841,5.18758343841651,6.19801276187667,,48.59
USA,United States,1968,,,47.5812756033436,5.18488346436039,5.90892547441954,,49.07
USA,United States,1969,,,47.5432800230594,4.46459633228401,5.7909709280862,,49.7
USA,United States,1970,,,47.9675858394403,4.89845743940824,4.57380341201823,,48.95
USA,United States,1971,,,47.7139216679623,4.91763458863476,4.4182093556557,,53.17
USA,United States,1972,,,47.4602574964843,5.15544106993866,4.4983483900581,,52.54
USA,United States,1973,,,47.217511595203,5.6258278767408,4.73863174745471,,53.58
USA,United States,1974,,,46.9658127123604,5.12179671196257,3.55204835288759,,52.56
USA,United States,1975,,,46.9658127123604,4.14830694085967,3.07948068419001,,56.77
USA,United States,1976,,,46.9658127123604,4.63655238885298,3.33464759141695,,58.09
USA,United States,1977,,,46.9847013198005,5.05733640086522,3.33070631131252,,60.16
USA,United States,1978,,,46.7479932219379,4.86044192166045,3.3662335284071,,60.52
USA,United States,1979,,,46.7479932219379,5.53927776165847,3.22872227741556,,63.33
USA,United States,1980,,,46.7479932219379,5.12720069069338,2.54282630711712,,60.81
USA,United States,1981,,,46.7479932219379,4.29274907903773,2.40034408994496,,65.91
USA,United States,1982,,,47.1013084455004,4.25196860479809,2.17664002114652,,66.6
USA,United States,1983,,,47.1013084455004,4.39570463509914,2.52908248223733,,57.68
USA,United States,1984,,,47.1013084455004,4.72280591677106,2.3105922441397,,65.36
USA,United States,1985,,,47.1013084455004,4.23721104228793,2.11952678508176,,68.55
USA,United States,1986,,,47.1013084455004,4.28179944825734,2.03274033589045,,66.03
USA,United States,1987,,,46.615336239049,4.77179172248982,2.11323061266668,,65.36
USA,United States,1988,,,46.615336239049,,,,60.35
USA,United States,1989,,,46.615336239049,4.59318112870477,2.18129678854317,,66.34
USA,United States,1990,,,46.615336239049,4.5062028691708,1.91505549074112,,68.39
USA,United States,1991,,,46.615336239049,3.94289603123057,1.77902034585438,2.93686126843486,67.32
USA,United States,1992,,,46.4494877147624,3.70992286020073,1.86942734289324,2.90296750457869,73.34
USA,United States,1993,,,46.1786054311843,3.36221864918702,2.00125901320952,2.74587543040743,67.26
USA,United States,1994,,,45.9810939233275,3.54277968753403,2.03641983911257,2.93161589542779,76.99
USA,United States,1995,,,45.8719112213614,3.9284494938386,2.11148267189681,2.91578710767577,71.5
USA,United States,1996,,,45.4534139247251,3.13373895164422,2.03836616890367,2.87615076127207,76.5
USA,United States,1997,114674330000.0,1.33691171038169,45.2982653052312,2.72660294871002,1.90450182063806,2.77717676188496,79.11
USA,United States,1998,110022333000.0,1.21399691075917,45.2658380427472,2.40596187825183,1.72897887488932,2.71261999097877,80.09
USA,United States,1999,110878031000.0,1.15124101558576,45.1893009686689,2.12957187178087,1.65234197529047,2.60169830416711,81.01
USA,United States,2000,117942832000.0,1.15055536360653,45.2305848555761,2.31176589061403,1.37772193955358,2.39654573854086,83.01
USA,United States,2001,119497180000.0,1.1292569744094,45.2900702036254,2.33320484203807,1.35054766772992,2.23769860333397,81.64
USA,United States,2002,106418069000.0,0.973711859673977,45.0848730397122,2.42109840854496,1.35966441331755,2.07923696141639,80.45
USA,United States,2003,128432169000.0,1.12104760396265,45.0803674339003,2.64288950971667,1.26771042524609,1.92701482396667,83.12
USA,United States,2004,154606580000.0,1.26548363027696,45.0758618280884,2.66434741034169,1.40239694801811,1.86556254488759,87.94
USA,United States,2005,150016842000.0,1.1505065593333,45.0713562222766,2.5593202703219,1.32039098013656,1.80175738688274,85.66
USA,United States,2006,139466580000.0,1.00948718664602,45.0668506164647,2.46044755035212,1.21754116515266,1.77470537064913,84.46
USA,United States,2007,155615884000.0,1.07512397740734,45.0623450106528,2.41622620758277,1.08567875286331,1.67663483829058,89.61
USA,United States,2008,155526692000.0,1.05300059714298,45.3549551239585,2.28791264221868,0.957339084643464,1.71756180762692,91.21
USA,United States,2009,139030815000.0,0.960285892029002,45.576134822715,2.31153275974209,0.856812891472979,1.73206959313867,93.04
USA,United States,2010,154919659000.0,1.02943733820679,45.7973145105396,2.62252718576779,0.971409193234791,1.85195450028334,92.24
USA,United States,2011,187283956000.0,1.20055910284662,46.0184942092962,2.75689017258692,1.0213561163731,1.87146407894409,91.37
USA,United States,2012,186811721000.0,1.14932964297306,46.2396739080528,2.42826767518133,1.05850851351279,1.80265090362838,90.89
USA,United States,2013,222512729000.0,1.32108416447024,46.3330187965568,2.39135511961373,1.00998810438848,1.72950794487142,95.8
USA,United States,2014,205705398000.0,1.17206510494526,46.4263636850609,2.2935676509223,0.985790425993972,1.76919324552367,98.13
USA,United States,2015,188238199000.0,1.03393378310334,46.519708562633,2.26473634136667,0.942056440048099,1.89654672691753,97.01
USA,United States,2016,176228444000.0,0.942644552842604,46.613053451137,2.2932690995558,0.962351171827146,1.89639178595969,104.86
USA,United States,2017,184424799000.0,0.946868677532138,46.7063983396411,2.28760063212961,0.965683564442349,1.88251210793922,101.95
USA,United States,2018,185598437000.0,0.903900642655548,46.5817145490204,2.23298346824415,0.930461508102749,1.8191184184211,103.19
USA,United States,2019,179346384000.0,0.838812891431208,46.4570307583996,2.0149095883192,0.872679165969093,1.78830473970119,99.64
USA,United States,2020,199831763000.0,0.948847431791134,46.3323469677789,2.13686138176326,0.960925857493412,1.74639361793943,103.12
USA,United States,2021,223723739000.0,0.959566656543433,46.2076631880902,2.04366802376243,1.15729914112526,1.6624029464832,104.57
USA,United States,2022,,,46.0829793974695,2.04907815691833,1.06737720222987,1.62054352999574,100.86
USA,United States,2023,,,46.0829793974695,1.72824160090593,0.835369768685517,1.5696095192715,
USA,United States,2024,,,,1.63272658915774,0.823353975268186,1.5689918084039,
USA,United States,2025,,,,,,1.52494439217106,
